feature,mean_abs_shap,mean_shap
max_high,0.16825948919741168,2.3684757858670005e-18
min_low,0.11657068037172703,1.0150610510858575e-18
range_hl,0.0693636835736313,-3.383536836952858e-19
cum_ret,0.034351329161617,-1.956107233863371e-19
close_last,0.03435131429144636,2.9605947323337507e-19
mean_bar_ret,0.032150795906105555,4.017949993881519e-19
headline_count,0.029118807485759856,-6.767073673905716e-19
vol,0.02768811658734039,-7.401486830834377e-19
open_first,0.0,0.0
